V1,V2,Class
2.617734432,0.9556452,Malo
-0.993888689,0.318977803,Regular
-0.720172255,-1.056635504,Regular
0.015067627,-1.534015331,Bueno
-0.692462661,-1.215469957,Regular
1.617645351,-0.938764125,Bueno
0.278053927,-0.293181259,Bueno
1.077732712,-1.843580249,Bueno
1.416263892,0.904255937,Malo
2.556654753,0.757580624,Malo
-1.877043005,-1.929277682,Regular
-0.482189708,-1.353818677,Regular
1.217176426,-1.175627258,Bueno
0.94844154,1.116575763,Malo
-0.995429501,-0.467881188,Regular
0.690107535,-1.049995771,Bueno
0.515467575,-1.445291297,Bueno
0.248322784,1.466494213,Malo
-0.574684255,-0.746308855,Regular
1.732830976,0.884294903,Malo
-0.363039898,-1.710932467,Regular
0.199994633,-0.779329593,Bueno
-1.248282393,-1.658154983,Regular
-2.03393695,0.078523632,Regular
-1.072243983,-1.887589588,Regular
0.758093832,1.733467042,Malo
-0.313267879,-1.011260233,Regular
1.733778857,-1.198785182,Bueno
-1.503779468,-1.820947057,Regular
-1.787709805,-0.151075518,Regular
-1.434357222,-1.67177694,Regular
0.553147107,0.504136877,Malo
1.017253743,-0.66822169,Bueno
-1.171575491,-0.101853404,Regular
1.229639458,0.979454632,Malo
-0.853233783,-1.467953949,Regular
0.946976125,-0.839397464,Bueno
-1.213570896,0.524138972,Regular
0.678837901,1.015243125,Malo
-1.2601326,-0.977202392,Regular
-1.140722821,-1.518013349,Regular
1.487400154,-0.67223688,Bueno
-1.989530185,-0.160862745,Regular
1.517557607,-0.593371456,Malo
-0.509282901,-0.857079885,Regular
0.380414139,0.737950998,Malo
-1.552375824,-0.446839117,Regular
0.833906203,1.674343183,Malo
-1.026483831,-0.028924405,Regular
1.247363363,-0.677561952,Bueno
-0.107930516,-0.974332168,Regular
1.085171898,0.80840295,Malo
0.697774338,-1.352209773,Bueno
1.100004097,1.381018862,Malo
-1.246131216,-0.170690867,Regular
1.237585727,0.086903423,Bueno
0.937570714,-0.471265032,Bueno
1.052518883,1.563248125,Malo
0.791222886,0.187966685,Malo
1.270684474,-0.639899873,Bueno
-0.476012898,-0.280158294,Regular
-1.46247058,-1.288507205,Regular
0.17481883,-0.626193882,Bueno
-0.626488516,-1.378715165,Regular
-1.46366313,-0.47076604,Regular
0.706310549,-0.54187512,Bueno
-1.828258451,-1.321548737,Regular
0.899071466,1.226746061,Malo
-1.993206423,-0.907813324,Regular
0.105245444,1.263635021,Malo
1.457022487,-0.74086871,Bueno
0.366681227,-0.642632828,Bueno
0.482075069,-1.769502049,Bueno
0.813468297,1.0584401,Malo
-0.210917401,-1.194074483,Regular
-0.726301833,-1.566922118,Regular
1.091973081,-0.583522775,Bueno
1.172142693,-0.392356565,Malo
0.544039439,-1.283393944,Bueno
-1.925752868,-1.241058245,Regular
-1.067466254,-0.461281496,Regular
-0.975957126,-1.19665295,Regular
0.021880992,1.277669353,Malo
-0.856791057,-1.069733464,Regular
0.30269897,-0.602755427,Regular
-0.003635464,-1.849962089,Regular
2.679824589,-1.195465795,Bueno
-0.915513609,-0.715907043,Regular
0.624852446,-1.441894703,Bueno
-0.421752143,1.51843138,Malo
-1.991682185,-0.360443909,Regular
-0.950433381,-1.49292071,Regular
0.084879086,-0.738016915,Regular
-1.049406188,-1.287773809,Regular
0.489086449,-0.746689235,Bueno
-0.135417136,0.893312114,Malo
1.522758562,-0.603657515,Bueno
-1.729645948,-0.915596858,Regular
2.447408645,-1.274330051,Bueno
-0.649979196,-0.444037139,Regular
-0.733131183,-0.386564607,Regular
1.364893857,1.668977394,Malo
1.906314839,-1.342887049,Bueno
1.221333225,-1.171790968,Bueno
1.83551107,1.6225514,Malo
0.527780358,-1.350862562,Bueno
-1.006681376,-0.193555375,Regular
0.970405558,1.143420161,Malo
-1.244060383,-0.415853923,Bueno
1.030944966,1.520365977,Malo
0.613828958,-0.334041891,Malo
-0.405454496,-1.112025467,Regular
-0.148081617,-1.579063965,Regular
-2.01767876,-0.561889881,Regular
0.726504791,1.855695251,Malo
1.038094288,-1.132834299,Bueno
-1.390993725,-0.697110726,Regular
1.264619744,1.107275719,Malo
2.067735451,-1.018343467,Bueno
1.245989414,-0.75961578,Bueno
-0.690095533,-0.754423002,Regular
2.109754748,0.871500006,Malo
0.766814216,-1.388075209,Bueno
-0.53980573,-1.615604351,Regular
-1.006033883,-0.257195838,Regular
1.738174408,1.721427909,Malo
2.270074613,0.033472958,Malo
0.685036346,-0.835349803,Bueno
0.531832079,-0.127578551,Bueno
-0.202529429,1.226125913,Malo
0.69678501,0.510525075,Malo
-0.111405594,-1.427996194,Bueno
1.203342475,2.212626137,Malo
1.093685875,-1.334073847,Bueno
-0.889942812,-0.827250741,Regular
0.769212746,0.733698344,Malo
-0.16742185,0.452329904,Malo
-1.913660854,-0.665821528,Regular
-0.97712357,-0.692369486,Regular
-1.12054452,-0.926481209,Regular
1.373092917,-1.481943686,Bueno
2.392479904,1.070254523,Malo
0.156124207,-1.104894023,Bueno
0.146857819,-1.561605699,Bueno
0.484616567,0.460634706,Malo
1.908509279,-0.861388791,Bueno
1.124964987,1.585983422,Malo
1.546107345,1.190330929,Malo
1.121728627,-0.251982915,Bueno
0.626843105,-0.901737732,Bueno
1.60710546,0.605229373,Malo
1.514754355,1.68466112,Malo
0.577890811,-1.369012509,Bueno
-1.288149421,-0.43833547,Regular
-0.012938017,0.93252041,Malo
-0.805986081,-1.821634674,Regular
1.241575319,-0.0655328,Malo
0.452127077,-1.107074089,Bueno
-1.059404987,-1.630392302,Regular
0.920271653,0.821325472,Malo
-1.282445499,-0.836322166,Regular
0.624665779,1.595282097,Malo
-0.911539359,-1.586478926,Regular
-1.607603874,-1.616378126,Regular
0.824897582,0.543104673,Malo
1.607300977,-0.169487965,Bueno
1.005132956,-1.610209721,Bueno
1.377399752,-0.811579694,Bueno
0.309636619,0.532669651,Bueno
-0.459565657,-0.465181536,Regular
1.552515294,1.191236592,Malo
0.114261362,-0.75119544,Regular
2.167629702,-0.414170953,Bueno
-1.147049053,-1.467205284,Regular
0.51172331,0.130529434,Malo
-0.23814115,-1.425912509,Regular
1.596341342,-0.606237603,Bueno
-0.288871087,-1.619898865,Bueno
-0.197586121,-1.531732492,Bueno
-0.387265154,-0.574782836,Regular
2.208436093,0.815940534,Malo
1.506393348,-0.794214077,Bueno
-1.435819499,-1.103475158,Regular
-0.256761843,1.074233149,Malo
0.938068689,1.246359101,Malo
1.222495001,1.085237083,Malo
0.902668931,1.461658107,Malo
-2.114489963,-0.770441118,Regular
1.989102406,0.069991486,Malo
1.178942905,1.795831538,Malo
0.97263143,-0.776826669,Bueno
1.389526317,-1.328321646,Bueno
0.956756187,-0.469531207,Bueno
1.342569904,-0.356619612,Bueno
1.307701875,0.804208923,Malo
-1.017913673,-1.070902471,Regular
0.700590017,1.012810734,Malo
0.868275383,0.349578028,Malo
0.478553448,-1.274937492,Bueno
-2.015422262,-0.562392192,Regular
0.20062272,0.134242222,Bueno
-1.658973659,-0.656431988,Regular
0.455520411,-1.115442525,Bueno
0.531817356,1.162667678,Malo
-2.079862709,-1.662814088,Regular
0.947603088,-1.332378844,Bueno
0.956128212,0.221572206,Malo
0.606121795,-0.700732703,Malo
-1.354454292,-0.416817824,Regular
1.176264586,-1.525919111,Bueno
0.056949558,-1.016709028,Bueno
0.498336637,-0.801344547,Bueno
-1.028366629,-0.60151357,Regular
0.291871876,-0.719017055,Regular
0.895989875,-0.261247864,Bueno
0.923054816,0.83693706,Malo
0.712206512,1.372214979,Malo
-0.881303099,-0.941349519,Regular
-0.749287778,-1.024011235,Regular
-1.603187123,-0.939155712,Regular
0.47752171,0.652690201,Malo
-0.774443545,-1.548156706,Regular
1.07863267,-1.527457607,Bueno
-0.59346578,-0.215689693,Regular
0.020419284,0.059339365,Malo
0.993312633,1.00689934,Malo
0.917260181,-1.900211966,Bueno
1.297707647,-0.653826464,Bueno
-0.870668168,-0.659195584,Regular
1.09551506,-1.592858013,Bueno
1.785201251,0.984520865,Malo
1.059026744,1.228849753,Malo
-1.489165397,0.080728394,Regular
0.624365037,-1.798116647,Bueno
-2.294841138,-0.208869389,Regular
1.065188275,-0.598996608,Bueno
1.039183363,-1.464107682,Bueno
-0.580809859,-0.687024864,Regular
1.241404985,0.589113945,Malo
0.41306763,-1.913800082,Bueno
-2.423316323,-1.829047006,Regular
-0.6769378,-0.709994889,Regular
-0.556033139,-0.941649474,Bueno
0.456678523,-0.840975639,Bueno
1.118062054,-0.418225762,Bueno
-1.037045981,-1.268101752,Regular
0.461559444,1.78748222,Malo
0.648191853,-1.268122639,Bueno
1.286874998,-1.055873675,Bueno
0.493064969,0.01758172,Regular
-0.15908595,-0.904939692,Regular
1.706913619,-1.732070294,Bueno
-1.377388425,-0.357956493,Regular
2.027383133,0.524730988,Malo
0.587620578,0.929515272,Malo
-0.353338538,0.386495894,Malo
0.756716526,-0.739636619,Bueno
-0.047343086,-1.385954561,Regular
0.498321924,0.086349056,Bueno
-0.198168291,-1.072024673,Regular
0.224285854,1.160230522,Malo
-0.511928653,-0.716025643,Regular
-1.062987821,-0.179551011,Regular
0.839359878,0.323193201,Malo
0.787940951,0.030115487,Malo
1.098357143,1.057792814,Malo
0.190952147,1.758989998,Malo
0.301330928,-1.767108304,Bueno
1.459997909,1.21377569,Malo
-0.202623551,-0.869257968,Regular
1.013327599,-0.673927936,Bueno
1.385988679,0.057625955,Malo
-0.10584173,0.713215598,Malo
0.428092301,-1.287578439,Bueno
1.167954759,0.941109766,Malo
1.125909687,0.25562524,Malo
0.773929535,-1.545419396,Bueno
-1.384435435,-1.680586956,Regular
2.129890418,0.191344563,Malo
-1.817764568,-1.475053909,Regular
-0.468887475,-0.115741111,Regular
-1.200274576,-1.012077462,Regular
-0.948293895,0.314538808,Regular
-0.32079692,-1.336588602,Regular
-0.975350664,-0.643920448,Regular
-0.988646738,-1.049220492,Regular
-0.337783626,-0.759681589,Regular
-0.766543619,-0.297375361,Regular
0.595400404,1.019098335,Malo
1.493245814,-1.127929142,Bueno
-0.257934489,-0.026963213,Bueno
0.429689233,-1.278397854,Bueno
0.983090663,1.256999122,Malo
0.711373587,-1.140816613,Bueno
-1.292254859,-0.460619563,Regular
2.093149059,0.954609718,Malo
0.391104455,0.638600888,Malo
-0.733087937,-1.00225769,Regular
-0.948128486,-0.851376173,Regular
1.014528586,-1.260874388,Bueno
-1.112014553,-1.686184838,Regular
0.340946648,-1.226358673,Bueno
-1.856162611,-1.559542138,Regular
1.338405121,0.229268621,Malo
-1.388232116,-0.897253873,Regular
0.895835059,-0.461055627,Bueno
1.167517896,-1.226230724,Bueno
-1.238747259,-0.530452671,Regular
0.900724441,-0.284055318,Bueno
1.78611791,-0.9451379,Bueno
-0.9771292,-1.347350884,Regular
-0.932465481,-1.393327018,Regular
1.439454406,0.77486656,Malo
1.317366171,1.147688673,Malo
0.894780187,-0.267050115,Bueno
0.389174875,0.953287146,Malo
-1.395826748,-0.71559528,Regular
1.119638244,0.167456835,Bueno
0.982790058,0.010074769,Bueno
0.912897853,-1.321799513,Bueno
0.408693557,0.116898996,Malo
-1.258277147,-0.31037237,Regular
1.091140317,-1.346335374,Bueno
-0.521252082,-1.532127762,Regular
-0.724249057,-0.831965284,Regular
0.667414224,0.717617405,Malo
0.542130523,-0.088910245,Bueno
1.094241678,-1.588275547,Bueno
-0.194587785,-0.881288014,Regular
1.299192787,-1.334612476,Bueno
1.135348998,1.833487189,Malo
0.650073223,-0.613598981,Bueno
-0.924058719,-0.524195758,Regular
0.048488455,-0.381208537,Bueno
1.641875435,-0.042757499,Bueno
-0.740128762,-1.126113288,Regular
1.561677489,1.407028059,Malo
-0.340851011,-1.076240298,Regular
-0.984768637,-0.633764941,Regular
1.057887486,-1.704892061,Bueno
2.206745912,-1.141301989,Bueno
-0.577214368,-0.906645559,Regular
-1.621363439,-0.914999701,Regular
1.337207864,-1.604745882,Bueno
0.76286261,0.30434769,Malo
0.340281044,-0.947799169,Bueno
-1.275775865,-0.997850076,Regular
1.914262719,-1.03436872,Bueno
1.065289163,-1.897246525,Bueno
-0.625927834,-0.465596991,Regular
1.639134825,-0.785707803,Bueno
0.602785438,-1.448149802,Bueno
-0.33789774,-1.345153597,Regular
-0.98395697,-0.889929848,Regular
0.081630253,-0.803426092,Bueno
1.28005039,-0.903336207,Bueno
0.938482312,-1.254928267,Bueno
0.308550563,-0.467060806,Bueno
1.026397307,-1.19047733,Bueno
-2.102906044,-0.60817763,Regular
0.603966208,1.105491372,Malo
0.756218122,0.481573005,Malo
1.187840621,0.487542556,Malo
-2.699207122,-1.650055996,Regular
1.131705733,1.23583776,Malo
-1.586137232,-1.353747954,Regular
0.448531933,1.115652309,Malo
-0.514491822,-1.718855728,Regular
-0.983494179,0.339209834,Regular
-0.80032107,-0.391749672,Regular
-0.855965842,-0.939904355,Regular
1.597904831,-1.328882481,Bueno
0.423697371,0.524129582,Malo
1.438211074,1.662747084,Malo
1.842727309,1.087864462,Malo
-0.913536109,-0.859925152,Regular
0.020546019,0.959719507,Malo
0.846009919,-1.023085995,Bueno
1.027080409,2.403774884,Malo
-0.895376171,-2.316210011,Regular
0.599372368,2.009153044,Malo
0.933675606,1.612103627,Malo
0.921367593,1.679847928,Malo
-0.972318965,-1.575024688,Regular
-0.126387691,-0.346998874,Bueno
-1.339298684,-0.71438117,Regular
0.966788471,0.841637591,Malo
1.057247125,0.402445797,Bueno
0.420362089,0.296007865,Bueno
1.903451943,-1.357320325,Bueno
-2.796767716,-0.471437463,Regular
1.300749638,0.267211774,Bueno
0.696354066,-1.413067683,Bueno
-1.088582449,-0.320912826,Regular
1.208901541,1.397954854,Malo
1.330884128,-1.487509628,Bueno
-1.755872406,-0.982827697,Regular
-1.501115614,-1.568044247,Regular
-1.093021485,-0.960363843,Regular
2.120535376,1.543626795,Malo
0.794629264,-1.242576652,Bueno
1.368388785,-1.345872792,Bueno
-0.852010627,-0.635204494,Regular
-1.596016825,0.22524329,Regular
0.786950127,-1.450941394,Bueno
0.121992963,-1.257883306,Bueno
-1.078372238,-0.159586579,Regular
1.563299036,-2.629768186,Bueno
1.126793817,-1.121436558,Bueno
-1.530408838,-0.259513579,Regular
-1.009003052,-1.068046978,Regular
1.548330795,-1.154736916,Bueno
0.419841347,-2.039038808,Bueno
1.192019159,0.247505999,Bueno
0.540578683,1.333472178,Malo
-2.166074111,-0.695020489,Regular
0.76760391,0.81861835,Malo
-1.235540355,-1.655330765,Regular
-1.407755826,-1.338590746,Regular
1.069088724,0.772511462,Malo
-1.168945258,-1.353632021,Regular
1.239684601,-1.29321683,Bueno
0.516820965,-0.856748278,Bueno
1.117041818,-0.068937713,Malo
0.069742393,1.250391293,Malo
-0.768300174,-0.939479762,Regular
-1.391970821,-0.952891585,Regular
1.491971865,-0.363139024,Bueno
-0.003466753,-0.626754882,Bueno
-0.852630143,-1.019797888,Regular
0.440326575,1.745991631,Malo
-0.614167273,-0.647065043,Regular
0.398040546,-0.895222253,Bueno
0.654438635,-0.063340866,Bueno
1.303232163,1.215549494,Malo
1.224482799,-0.213841238,Bueno
1.106295002,-1.613903878,Bueno
-1.603935439,-2.285984839,Regular
-1.840153725,-0.895191944,Regular
0.819712729,0.786982761,Malo
1.497777904,-0.751968987,Bueno
2.001550484,1.181193526,Malo
1.233395167,-1.457223376,Bueno
1.134306138,1.197773789,Malo
1.023178331,0.005970939,Malo
1.462843569,1.617663297,Malo
1.706072177,-1.175556524,Bueno
2.559920299,-0.000730296,Bueno
1.358143889,0.407627984,Malo
0.590952686,-1.366639549,Bueno
1.576416039,1.797437708,Malo
0.419723757,-1.606327725,Bueno
-1.934799117,-1.304220862,Regular
-1.559989744,-1.020685028,Regular
0.855008102,-0.904808842,Bueno
1.260884775,1.324056676,Malo
1.124939902,-1.911321195,Bueno
-1.289949725,-0.998457291,Regular
0.885607904,0.763090292,Malo
1.568351181,0.906993944,Malo
0.727717575,1.241958724,Malo
0.680506048,1.387033164,Malo
-0.701864113,-1.399024971,Regular
0.117758959,-0.393743468,Bueno
1.657808107,0.859470519,Malo
0.171056607,-0.25603567,Regular
0.530422507,0.933766421,Malo
1.4480883,-1.382463522,Bueno
-0.148280423,-2.371299669,Bueno
0.792250331,0.523218207,Malo
1.499590444,1.196239725,Malo
0.641610359,0.857246962,Malo
0.29073796,-1.429706834,Bueno
-1.00946753,-1.295038065,Regular
1.279397464,0.078253788,Malo
1.594193686,-0.024141105,Bueno
-0.83460007,-1.425031031,Regular
0.083420831,-0.442754845,Bueno
0.906697419,-0.609218765,Bueno
-0.75515521,-1.978001591,Regular
-0.561069051,-0.80821013,Regular
1.405876439,0.770794627,Malo
0.216083889,1.994878408,Malo
0.593184531,1.778707474,Malo
0.113147726,-0.150606264,Regular
-0.959419462,-1.277813052,Regular
1.2485841,-0.925624224,Bueno
1.08161873,-1.502986693,Bueno
1.544742449,-1.655935709,Bueno
2.018407889,-1.339961815,Bueno
-0.936499214,-1.516305848,Regular
1.771590404,0.095800961,Malo
0.913852293,0.770784731,Malo
-0.639636879,-1.007950161,Regular
1.018361095,0.958215053,Malo
-1.350456128,-0.798936628,Regular
1.716286294,-1.310633585,Bueno
0.972769982,-1.031883004,Bueno
0.463872761,-1.671115524,Bueno
1.368447622,1.553324003,Malo
-1.538445702,-0.198258946,Regular
-1.385771532,-0.909930864,Regular
0.542731293,0.467331918,Malo
1.609399169,1.420624805,Malo
0.394525581,-1.819331636,Bueno
1.606868735,-1.542214558,Bueno
1.044751844,0.353740558,Malo
1.759046703,1.126898208,Malo
1.646918382,-0.5355108,Malo
1.904080437,-1.235845837,Bueno
1.687157304,1.207896665,Malo
-1.07715253,-0.726748005,Regular
-0.130091485,-1.52886824,Regular
1.853790098,1.237651951,Malo
1.225855319,0.340359526,Malo
2.198059601,-0.368080061,Bueno
0.875815315,-1.337985616,Bueno
1.078314416,-1.998743951,Bueno
0.974697129,0.827867685,Malo
0.751828612,0.551527113,Malo
1.744779532,-1.093538791,Bueno
-1.139376404,-0.56264208,Regular
-1.998503791,-1.075941599,Regular
-0.577848667,-0.442512911,Regular
-1.905796964,-1.166434835,Regular
1.471796777,0.720148542,Malo
-0.126515229,-0.966704665,Regular
0.38203883,0.790033981,Malo
-0.932876562,-1.405421886,Regular
0.793949282,-1.508326107,Bueno
-1.749603109,-1.42587106,Regular
0.360911137,-2.298196608,Bueno
1.110355297,0.768706144,Malo
-0.373172024,1.150890649,Malo
0.334556361,-0.884430334,Bueno
1.522577069,0.47321763,Malo
-0.723523403,-1.240591695,Regular
1.950892316,1.388780675,Malo
1.451167953,1.337793831,Malo
2.382350019,0.363990506,Malo
0.945770796,1.820558344,Malo
0.639605465,1.931345908,Malo
-0.84472146,-0.375856621,Regular
-1.085612627,-1.736581852,Regular
-0.250155404,-1.690690081,Bueno
0.038898371,0.467691435,Malo
-1.10628243,-1.53443751,Regular
-0.269033609,1.843219263,Malo
1.135365193,1.26982726,Malo
1.023860041,0.059803173,Malo
-1.288835574,-0.161760819,Regular
-0.018863492,1.232368285,Malo
0.585741142,-0.142664545,Bueno
0.814592219,-0.005602284,Malo
1.705093235,-1.674821629,Bueno
0.966320188,0.999168974,Malo
0.399543706,-1.957466567,Bueno
0.906385665,1.629455913,Malo
-2.109478436,-0.154028717,Regular
-0.05353435,1.270560677,Malo
-0.675926184,0.374280242,Regular
1.591190505,1.460151802,Malo
0.02650195,-0.151350974,Regular
-0.932357235,-0.605639386,Regular
0.46681283,-1.081485906,Bueno
-0.936860718,-1.054995645,Regular
0.939818978,-1.422040055,Bueno
0.96212206,-1.492759045,Bueno
-1.214122917,-0.672605606,Regular
3.280996129,0.38910238,Bueno
1.198021069,2.335566599,Malo
1.892951316,2.137533506,Malo
-1.277136289,-1.375894134,Regular
0.69830998,2.447472208,Malo
0.570133505,-1.30376412,Bueno
1.029696989,1.296302066,Malo
1.168265023,0.404125833,Malo
-1.833868611,-2.172207138,Regular
1.777689921,1.369875588,Malo
1.554277936,0.920459191,Malo
1.03593681,0.872486173,Malo
1.649554822,-0.779197804,Bueno
-2.272705867,-2.103307962,Regular
-1.6476059,-1.068535331,Regular
-0.991750908,-2.106820698,Regular
0.767611938,-1.208550708,Bueno
-1.071151974,-0.706977646,Regular
1.170567802,2.045601268,Malo
1.499126671,-0.995883281,Bueno
1.896447444,0.876905042,Malo
1.470246696,0.140804031,Bueno
1.183722038,-0.781781264,Bueno
-1.470812447,-1.201348386,Regular
0.563972784,-1.130297869,Bueno
-1.463915506,-1.893959805,Regular
1.463074331,1.494102492,Malo
-2.09801713,-1.417501072,Regular
-0.938693004,-0.697003167,Regular
0.148537818,-1.999573646,Regular
1.403582031,-0.844100503,Bueno
1.268917171,2.017708944,Malo
0.78096687,-0.074796529,Malo
-1.97161599,-1.306624278,Regular
1.063991377,-0.088598032,Bueno
0.814498891,-1.221049265,Bueno
1.12212382,-2.250659281,Bueno
1.08399308,-1.206427377,Bueno
-1.607474292,-0.2496581,Regular
-0.755721801,-1.377134548,Regular
1.296245066,0.930337637,Malo
-0.54967798,0.307629782,Malo
1.414923251,1.416849486,Malo
1.433860296,1.014767275,Malo
0.731100782,0.610397243,Malo
1.450289522,-1.458641217,Bueno
-1.199261366,-1.432858777,Regular
0.670300872,0.340857563,Malo
-1.718456617,-0.108160448,Regular
2.027634959,-1.412378214,Bueno
0.959634635,0.208962478,Malo
-1.532142596,-0.473017745,Regular
1.707267743,0.892045099,Malo
0.292505242,1.780856843,Malo
1.420408065,-0.582009607,Bueno
-0.619879659,-1.36528907,Regular
1.134968829,-1.196980664,Bueno
0.795663979,-1.78193205,Bueno
1.399353572,-0.997830219,Bueno
0.73624987,-1.861924816,Bueno
1.576334335,1.135504287,Malo
0.777577598,0.432630523,Malo
0.642211577,0.968459622,Malo
0.120009889,-0.545519002,Regular
0.696795567,-2.210969121,Bueno
1.563303186,-0.731767509,Bueno
0.184131565,0.975159513,Malo
0.488371461,-0.756608662,Bueno
0.209369594,1.324604932,Malo
0.674283114,1.249630028,Malo
1.562734823,-1.511943091,Bueno
0.74451048,0.204889568,Bueno
1.75120119,-1.686815579,Bueno
1.518661719,0.554700988,Malo
-1.317202395,-1.064802302,Regular
1.096396714,0.428413028,Malo
-1.205006859,-0.985425452,Regular
0.494503302,-1.104768192,Bueno
0.521378344,-0.718376665,Bueno
-1.372649619,0.040743305,Regular
0.146848077,2.198773648,Malo
0.518115168,0.721397385,Malo
-0.797064716,-0.608931243,Regular
2.173547385,1.234055994,Malo
0.254435837,-1.016619075,Bueno
1.58724279,2.34453592,Malo
-0.613821235,-0.586662,Regular
1.011275075,0.643733531,Malo
-0.41850429,1.012200509,Malo
-1.333075807,-1.10348939,Regular
-1.350625165,-0.780645124,Regular
0.232186496,0.648741277,Malo
-0.804520232,-0.925138287,Regular
0.437231443,-0.83576233,Bueno
1.419074289,1.002262533,Malo
1.317427143,1.253577173,Malo
1.255755238,1.406144821,Malo
1.143920264,1.095375204,Malo
-0.848601141,-1.234478798,Regular
2.361852774,0.127380595,Malo
1.683384286,-0.410295268,Bueno
1.707651989,-0.498018408,Bueno
0.873875476,-1.266521838,Bueno
0.52946717,-0.561223827,Bueno
0.995837535,0.145934337,Bueno
-1.983054175,-2.06583317,Regular
1.076214372,-2.229539148,Bueno
-0.568199098,-1.149051584,Regular
1.683640411,0.259104508,Malo
0.417194608,-1.518428883,Bueno
1.62932831,-0.6588335,Bueno
1.456622635,1.07300501,Malo
1.027067802,1.056523128,Bueno
0.146323055,2.153394853,Malo
0.727868139,-1.594977015,Bueno
-2.000667936,-0.647177351,Regular
-1.457416922,-1.868164201,Regular
-1.258657803,-0.65634918,Regular
-0.146814664,-0.726181982,Regular
1.220526938,1.114186935,Malo
-0.41218424,-1.603086659,Bueno
0.2631431,-0.092880817,Bueno
1.288669076,2.655613068,Malo
-1.950684138,-0.493327416,Regular
0.241763427,-0.000970356,Bueno
-1.120212088,-2.02842767,Regular
-0.310989652,-1.546510227,Regular
2.289744721,0.94585369,Malo
1.879947229,1.511531164,Malo
1.406477302,1.031092234,Malo
1.661369539,-1.418243843,Bueno
1.199014207,-1.09937727,Bueno
-1.556417757,-0.466996683,Regular
0.044673623,-0.97948614,Bueno
0.814531333,0.859920003,Malo
1.268721798,-1.453450456,Bueno
1.928003103,-0.871356392,Bueno
2.058431408,1.240094325,Malo
0.647668862,-1.385710779,Bueno
0.824596794,-1.116122267,Bueno
1.706339233,-0.376004929,Bueno
1.674533041,0.3769287,Bueno
0.997095003,0.048600938,Bueno
1.003563289,-1.629340223,Bueno
-1.180656872,-0.677807251,Regular
-1.245912723,-1.272002459,Regular
0.15642225,0.645965412,Malo
-0.420438329,-0.146437151,Regular
0.452938909,-0.326855591,Bueno
-0.848637532,0.371360709,Regular
1.583521473,2.280320948,Malo
1.185822154,-1.805022966,Bueno
-1.919752632,-2.027182098,Regular
0.846425398,0.791172172,Malo
-1.579572315,-1.434586792,Regular
0.762326081,0.352570219,Bueno
-0.169743073,-1.57606334,Bueno
1.144598039,-1.583390751,Bueno
-1.635143139,-1.305403503,Regular
1.39720322,-1.204524646,Bueno
-0.983342721,-1.255325328,Regular
-0.207523368,-1.775200751,Regular
-1.162724404,-1.790304873,Regular
0.245991923,-0.436231364,Bueno
1.567323274,-1.120830726,Bueno
-0.658924649,-1.199687059,Regular
0.07091737,-0.213143724,Bueno
0.931307773,-0.849021851,Bueno
0.17115301,-1.367583136,Bueno
0.261672373,-1.304143969,Bueno
0.951070892,-1.331837147,Bueno
0.565308955,-1.481750447,Bueno
1.488711893,1.035355354,Malo
-1.003556443,-0.180363959,Regular
0.849006185,-1.352141587,Bueno
-0.186734378,-1.238888877,Regular
1.038414519,-0.576951339,Bueno
0.791529609,0.651238914,Malo
0.764307638,-1.201764315,Bueno
0.038895429,-1.022744237,Bueno
1.453237417,1.520444447,Malo
1.078944381,0.156663972,Malo
-1.503477642,-0.40592717,Regular
0.11490371,-0.39358377,Bueno
0.462178166,-0.177639205,Malo
0.771226078,-1.74936936,Bueno
1.431990238,0.338256272,Malo
1.846703238,1.471482296,Malo
1.274449364,0.421232792,Malo
-0.992056139,-1.073166957,Regular
1.02745511,0.88768969,Malo
-0.580518308,-1.17925576,Regular
-1.759805606,-1.036896859,Regular
1.490438258,-0.612030632,Bueno
1.236968913,-1.302333933,Bueno
-1.218062668,-0.532569268,Regular
1.032059464,-1.277941513,Bueno
0.379122829,-1.466288506,Bueno
0.751127403,0.053887186,Bueno
0.754926741,-0.337267347,Bueno
1.076147256,1.241193618,Malo
0.577047188,1.407984907,Malo
-0.852266343,-1.550790584,Regular
0.112122631,-0.919187643,Bueno
1.119580118,0.969637875,Malo
-1.05643747,-0.761460871,Regular
0.866513794,0.484648055,Malo
1.480338882,1.046956105,Malo
0.271885838,-1.721732995,Bueno
0.602685134,-1.946564241,Bueno
0.497393175,0.645290138,Malo
1.095550281,-0.175129373,Malo
0.531109205,-0.641284073,Bueno
0.367222922,1.492148702,Malo
1.198319646,0.912835326,Malo
0.880960662,1.05651538,Malo
-0.407055656,-1.30834177,Regular
-1.464577048,-1.161633867,Regular
1.039910333,1.181483139,Malo
1.519315114,-0.235573277,Bueno
-2.084886356,-0.753199454,Regular
0.799562231,-0.455404825,Bueno
0.436611056,1.610212595,Malo
1.233401284,-1.203672593,Bueno
-0.598262596,-0.397348485,Regular
1.502528748,0.176528488,Bueno
-0.592259281,-1.254272949,Regular
0.132053266,0.050388615,Malo
0.950026963,-0.038281822,Bueno
0.357548427,1.632671036,Malo
2.560403122,-1.107172359,Bueno
-0.906114246,-1.129806387,Regular
0.871302936,-0.002176625,Bueno
1.386342444,-1.864595259,Bueno
0.141918876,-0.200316799,Bueno
-0.484537484,-1.485775946,Regular
0.955199213,1.155229864,Malo
0.001181176,-0.741772669,Bueno
-0.468105076,-1.163279054,Regular
1.314334614,1.053053252,Malo
0.978536665,-0.525483099,Bueno
0.118979826,-0.654112778,Bueno
-0.875669564,-0.649858044,Regular
0.520051826,0.867954532,Malo
-0.731672748,-1.369672674,Regular
1.145733894,-1.240500826,Bueno
-0.510079072,-0.998568881,Regular
1.64221601,-1.432000859,Bueno
0.050503313,2.346161137,Malo
1.821641292,-1.016286958,Bueno
-1.029006774,-1.364860754,Regular
-0.01143683,-0.929515007,Bueno
-0.660072811,-0.912217332,Regular
0.318301087,-0.696819633,Bueno
1.628791969,-1.02029618,Bueno
-2.011229263,-0.81819337,Regular
-1.937208605,-0.39633576,Regular
0.296125957,2.166172711,Malo
-1.721485185,-0.750340219,Regular
-0.751545188,-1.304340677,Regular
-0.191178532,-0.455380721,Regular
0.594464984,-1.247930217,Bueno
-0.692249892,-2.524743285,Regular
1.077695702,-2.249940701,Bueno
1.565827652,-0.6438063,Malo
-0.700211827,-1.731210298,Regular
-2.148245603,-0.601863054,Regular
1.194921769,1.598270788,Malo
1.086426143,1.872564104,Malo
1.413890899,1.781107738,Malo
0.511981444,0.120145403,Malo
-1.818854938,-1.013121945,Regular
-1.274584357,-0.776913351,Regular
0.813068481,1.033699205,Malo
-1.513144274,-0.24566821,Regular
0.610626444,-1.024168491,Bueno
1.441846842,-1.231602017,Bueno
0.938342389,-1.109388553,Bueno
-1.50151364,-1.565256153,Regular
-0.909509076,-1.153282472,Regular
-1.200772964,-1.527734258,Regular
1.136435665,0.389956811,Malo
0.839197977,1.481473837,Malo
0.812814335,0.495825763,Malo
0.794058967,-0.957535554,Bueno
2.498320235,-0.347192989,Malo
0.916812254,-0.445587797,Bueno
-1.195936587,-1.004925929,Regular
0.236060095,-0.080938947,Bueno
0.584770091,1.921826233,Malo
0.016715616,0.560012315,Malo
0.80128999,-1.34303142,Bueno
1.965113294,0.66305275,Malo
1.301678184,-1.732485317,Bueno
2.528867619,-1.261554474,Bueno
1.279353515,-1.523295039,Bueno
1.911255602,0.297303723,Malo
0.394359652,-1.622120297,Bueno
-2.870113955,-0.61332878,Regular
-0.666415487,1.691040385,Malo
-0.803899229,-1.028299521,Bueno
-1.088412199,-0.364116223,Regular
0.985404325,0.557181454,Malo
-1.063991604,-1.295928632,Regular
2.052991692,0.920206947,Malo
0.345380214,-1.076113524,Bueno
1.693015861,-0.597764987,Bueno
0.686452875,-1.184279032,Bueno
0.875857794,1.528107347,Malo
1.617361296,0.956627795,Malo
0.978539157,2.428447211,Malo
0.98894257,-1.193973182,Bueno
1.514098367,0.609384644,Malo
-0.956393261,-1.123500415,Regular
0.163192215,-0.776095169,Bueno
1.620645932,0.402272416,Malo
-0.171082461,0.604064962,Malo
0.545277484,0.969949543,Malo
0.415882744,0.246937978,Bueno
1.321957912,1.242817273,Malo
-1.317321912,-0.895772888,Regular
-0.329629921,-1.938342781,Regular
1.712817875,1.190165567,Malo
0.659339655,-1.354695801,Bueno
0.667814566,-0.798247588,Bueno
-0.418753364,-1.438214257,Regular
0.283007917,0.6997542,Malo
-0.452078845,0.3267826,Regular
1.424723295,-1.013146742,Bueno
0.440153295,-1.14326579,Bueno
1.092968455,1.226897512,Malo
0.689488574,0.412702084,Malo
0.098562058,-0.066600173,Malo
0.447755421,-1.096171732,Bueno
1.521378092,1.166123144,Malo
1.261327696,0.640465434,Malo
-0.67443353,-0.570436664,Regular
-0.023762114,2.170465237,Malo
-1.466336825,-1.180002146,Regular
0.293422623,0.315882219,Malo
-1.251449196,-0.761736258,Regular
0.617537785,0.761636911,Malo
-1.249138837,-1.404198503,Regular
-0.464375108,-1.284162434,Regular
-0.816807547,-0.38550104,Regular
0.719892672,0.149856332,Malo
1.239427807,-0.663555654,Malo
-0.9991174,-1.460022913,Regular
0.99782631,-1.288172266,Bueno
0.317005625,-0.922502695,Bueno
-1.089259691,-0.942397477,Regular
0.528118951,-1.705883893,Bueno
0.869830258,1.267235951,Malo
1.564550569,1.243122448,Malo
-0.699989982,-1.859078667,Regular
-0.657526882,-0.074322197,Regular
1.677156439,1.297600568,Malo
1.568334563,-1.017576642,Bueno
1.1916591,0.917332471,Malo
1.243849296,0.884093979,Malo
1.247559049,-0.684164752,Bueno
-1.783912914,-1.584025581,Regular
-1.314845173,-1.83116655,Regular
-1.332478748,-0.100305106,Regular
0.91843018,1.682134818,Malo
1.212854616,1.370131933,Malo
0.341141224,-0.692639964,Bueno
-0.628507047,-2.124588098,Regular
1.708827161,0.620857745,Malo
0.455620981,1.031167237,Malo
0.491007686,0.804598319,Malo
1.414257415,1.478003265,Malo
0.488962482,2.09363416,Malo
-1.455697294,-1.150454006,Regular
-0.089533307,-0.549340241,Bueno
0.993451397,-1.438484058,Bueno
-0.414377485,-1.93416036,Regular
0.312399744,1.028239657,Malo
-0.027577594,-0.632228579,Bueno
0.882065653,-1.344992702,Bueno
-0.711745302,-1.580911638,Regular
-1.169317526,-1.694921911,Regular
-1.241912984,-0.430356686,Regular
0.729218178,1.159412785,Malo
-1.34574509,-0.65523465,Regular
1.453444173,0.676520418,Malo
-1.358002513,-0.659765072,Regular
-1.008070882,-0.510716818,Regular
-0.53179389,1.392171157,Malo
1.523055098,-0.775299828,Bueno
1.165360404,1.861029632,Malo
0.881327529,-1.502665756,Bueno
0.533089887,2.042064974,Malo
-1.319196286,-1.573755053,Regular
-0.343762435,1.240899433,Malo
-1.438524152,-1.985021937,Regular
0.379454295,1.408956711,Malo
1.042605283,-1.29611911,Bueno
-0.434611415,-2.203075256,Regular
0.55298607,-0.392643694,Bueno
0.746611106,1.062828418,Malo
0.446819404,0.064433803,Bueno
1.676292709,-1.794896422,Bueno
-0.533633822,-1.174624878,Regular
1.086078357,-0.46782246,Bueno
0.827121128,-0.572928839,Bueno
0.984514143,-1.93744524,Bueno
-1.226528151,-0.487214363,Regular
0.291021211,-1.20105478,Bueno
0.790130692,2.21408317,Malo
0.527159179,-1.864379406,Bueno
0.645158399,1.674651511,Malo
1.675981553,0.352041095,Malo
2.728876428,-1.356317149,Bueno
1.119870773,-0.435191256,Bueno
1.033102813,1.179386474,Malo
0.53057982,1.375071194,Malo
1.947319117,0.52269967,Malo
1.140892916,2.279292046,Malo
2.35558537,0.974645709,Malo
0.311433433,0.785131555,Malo
1.962595792,-0.875158282,Bueno
1.463616902,0.003041025,Malo
-0.754268933,-1.4797561,Regular
-0.509213436,-1.167348565,Regular
1.170588711,1.249240376,Malo
0.264738689,1.506617786,Malo
1.093903923,1.139308622,Malo
0.83323602,-0.181754444,Bueno
0.435906045,-1.237914243,Bueno
1.090027946,-1.8803496,Bueno
0.759221317,0.810006823,Malo
-1.473461308,-0.999250927,Regular
0.998221149,-2.066226164,Bueno
-1.871143318,-0.770678327,Regular
1.558245098,0.894810159,Malo
0.286684445,0.695910187,Malo
0.990590733,1.096556901,Malo
-0.981239472,-1.055267269,Regular
0.695489439,0.368871938,Malo
-1.112676953,-0.707837617,Regular
0.370868221,0.147989238,Malo
-2.547430447,-1.562505632,Regular
0.462720063,1.232141499,Malo
2.274115854,-0.161890547,Bueno
0.684253996,-0.890740133,Bueno
0.972577624,1.132304593,Malo
-0.341017876,-1.082703507,Regular
-0.761022348,-1.753464929,Regular
1.316069023,-0.939363493,Bueno
1.33418099,-2.041745083,Bueno
-0.80852896,-0.815641132,Regular
1.074470973,0.102248413,Bueno
-0.161767884,1.113267158,Malo
0.778938194,-0.706728554,Bueno
0.483264589,2.146038972,Malo
0.381110524,0.142005245,Malo
1.860011502,1.251038807,Malo
-0.578929977,-0.956028741,Regular
1.320520703,1.190731058,Malo
-0.914916017,0.100061217,Regular
1.448313001,0.286633027,Malo
0.305586844,0.812624649,Malo
1.006300012,2.071522296,Malo
0.437271861,1.259864772,Malo
1.248348202,-1.119568033,Bueno
1.526754502,-0.337735599,Bueno
0.780669346,1.562855525,Malo
1.037775613,-1.522987128,Bueno
0.733623995,-0.749077991,Bueno
0.693516917,0.29162069,Malo
-2.307358912,-1.377790256,Regular
1.643581628,-1.683140722,Bueno
0.974438843,-0.767026712,Bueno
-1.358150267,-1.13377551,Regular
-0.886178433,0.021542091,Regular
-1.03617252,-0.833151371,Regular
1.476328217,-1.419529167,Bueno
-0.514155562,-0.35204127,Regular
0.470737831,-1.12672359,Regular
1.11000352,2.00256582,Malo
0.843012733,0.89065313,Malo
1.481463346,-0.826596465,Bueno
-1.685140852,-1.786582222,Regular
-0.86359243,-0.031450272,Regular
-1.722241115,-0.749773898,Regular
-0.274089924,-1.843662863,Regular
-0.959489886,-0.533437517,Regular
-0.351673524,-1.964605947,Regular
0.145563455,0.70400807,Malo
0.192695363,-3.035379996,Bueno
-2.083151013,-0.501768397,Regular
0.568237367,0.512204207,Malo
0.374122301,0.485753087,Malo
-2.038165637,-0.646754556,Regular
0.944913382,-0.609273995,Bueno
0.497937374,-0.032362843,Bueno
0.231515972,-0.003008883,Bueno
1.687859208,-0.956808883,Bueno
0.794504686,-1.59965801,Bueno
-0.057337339,-0.501689579,Bueno
1.988880959,1.098536653,Malo
-0.209843977,0.67632722,Malo
1.545513097,-0.951568066,Bueno
1.681955715,-0.574888036,Bueno
0.458756817,-0.80740032,Bueno
0.382532219,-0.416151998,Bueno
1.118780374,1.649161131,Malo
0.194084474,-0.545177169,Bueno
0.568035681,0.463855359,Malo
0.64671208,-1.099691881,Bueno
-0.796564446,-1.353779225,Regular
1.677834015,-0.790597863,Bueno
-1.110253438,-0.505229068,Regular
-1.109742989,-0.462250945,Regular
0.451806616,0.090695848,Bueno
1.569652484,1.052530745,Malo
0.624434131,-0.716603268,Bueno
-1.18164761,-0.406192335,Regular
-1.894159233,-0.102316218,Regular
1.016901924,0.18702362,Bueno
-1.16080587,-1.297964926,Regular
0.391786436,-1.766553023,Bueno
0.717652172,-0.887817635,Bueno
1.831156928,0.818141048,Malo
1.19332305,-1.824876633,Bueno
-0.409818283,-1.051368973,Regular
0.486070415,0.07504756,Malo
1.128979354,1.058331539,Malo
0.834597679,0.57416322,Malo
-2.19356168,-1.924334783,Regular
1.286139021,1.089069749,Malo
0.90539979,2.354034098,Malo
1.146373974,-0.057817653,Bueno
-0.693475107,-0.21150734,Regular
0.834140293,0.844253811,Malo
1.791482126,0.470548709,Malo
1.030572566,-0.076537563,Malo
-0.700763825,-1.442759068,Regular
0.323904515,0.561593348,Malo
1.124014307,1.318625504,Malo
1.955662453,0.844856421,Malo
0.964848069,0.809474144,Malo
1.775587613,-0.091070624,Bueno
-1.962843118,-0.12477115,Regular
0.750998997,-1.511877175,Bueno
0.639425812,-0.576117032,Bueno
1.283673794,-1.316254966,Bueno
-0.081440589,-0.944531359,Regular
0.929101573,0.591893078,Malo
0.504532382,-0.946228085,Bueno
0.546103883,1.180908434,Malo
1.90799685,1.331879239,Malo
1.388824261,-1.229222873,Bueno
0.963024159,0.935616834,Malo
1.58939619,-0.377533122,Bueno
0.431506843,1.146666074,Malo
0.367332506,-1.519380185,Bueno
1.211068066,1.22754132,Malo
1.321306342,-1.239741316,Bueno
-1.000250396,-0.775506948,Regular
0.110514424,-0.975885691,Bueno
1.133477898,0.946974686,Malo
1.367156316,0.195101965,Malo
-0.085814116,-2.115714163,Bueno
-0.855277621,-0.323329822,Regular
-0.884362602,-0.582136796,Regular
-0.290128266,-0.568661701,Regular
-0.54768059,-1.532912927,Regular
0.877830989,-0.743024644,Bueno
0.735446421,0.831786703,Malo
-1.061927651,-1.630834239,Regular
2.064795137,0.764108083,Malo
0.324046344,-1.572282652,Bueno
-0.908693815,-1.224475792,Regular
0.718272185,-1.029766395,Bueno
1.271493456,1.058737687,Malo
-0.09301639,0.023880948,Regular
0.694208691,0.737155419,Malo
1.051505863,-1.296356024,Bueno
1.79461525,0.896679524,Malo
-1.954868725,-0.99806667,Regular
-1.553693989,-1.870803099,Regular
1.213819838,1.423943901,Malo
-1.122976331,-1.104404103,Regular
1.180170594,0.26636512,Bueno
0.505832034,-1.476823671,Bueno
-0.24535347,-2.251980988,Regular
-1.163519649,-0.557487092,Regular
1.181536601,-0.344596674,Bueno
-0.024992475,-0.022010654,Bueno
-0.595503343,1.363791715,Malo
1.133485346,-0.673387073,Bueno
0.787979867,-0.554229414,Bueno
0.892550557,-1.930864683,Bueno
-1.446203305,-1.095407351,Regular
1.093476358,-0.087997889,Bueno
-0.958840464,-1.163365661,Regular
-1.485230519,-1.662474391,Regular
1.46646036,-0.990911929,Bueno
0.814718254,-0.880796218,Bueno
-0.394841628,-0.68344157,Regular
1.355036185,-1.285734662,Bueno
1.648825621,0.621174407,Malo
0.472503623,0.861339035,Malo
0.819529674,0.603634844,Malo
1.281031141,2.041527399,Malo
-0.9071987,-0.375058967,Regular
0.269236893,0.817021817,Malo
1.184998748,0.17314992,Malo
0.831731331,-1.708171364,Bueno
1.795008432,1.123199538,Malo
-1.257221239,-1.382704334,Regular
-1.602593627,-1.598915037,Regular
0.525686187,0.455619927,Malo
1.492193078,1.815969125,Malo
-0.769405957,-0.394172887,Regular
1.022203433,1.460741445,Malo
-1.554347209,-0.152708981,Regular
0.546722364,0.279279089,Malo
1.8189634,-1.522563334,Bueno
1.399829849,0.723568128,Malo
1.118996236,-0.28601317,Bueno
-1.670169732,-1.021178044,Regular
0.756016618,-1.047554635,Bueno
0.629594592,-0.687103455,Bueno
-0.343499805,-1.656544572,Regular
0.572344308,-1.448483907,Regular
-1.036217497,-1.426624358,Regular
1.580060807,1.304840746,Malo
0.770958948,-1.091676678,Bueno
1.649603369,-1.089753701,Bueno
1.333577608,1.535484332,Malo
1.632063849,-1.338044598,Bueno
0.93102294,-0.702489599,Bueno
1.21570264,0.91325991,Malo
-0.748285535,-0.445339587,Regular
1.141735294,-1.451549371,Bueno
-1.030049585,-1.506169364,Regular
-1.280495904,-1.51749598,Regular
1.143749656,0.7781193,Malo
0.759065473,0.718914373,Malo
0.440355454,0.242158991,Malo
0.300910096,1.540495892,Malo
-1.330479655,-0.524775101,Regular
-0.066931581,-0.632004264,Regular
2.039632712,1.410700664,Malo
-0.162212844,-1.089690407,Bueno
0.262662882,-0.466963534,Bueno
1.122772536,-1.411661093,Bueno
0.778741878,-1.378135449,Bueno
1.046944694,-0.773730222,Bueno
0.449197138,1.151497976,Malo
-2.681321679,-1.713054653,Regular
0.623147464,0.711383729,Malo
0.167059901,-2.545121576,Bueno
1.670194336,-1.164133467,Bueno
0.783040432,1.638751082,Malo
-1.257525578,-0.174864748,Regular
-1.097952969,-1.05187317,Regular
0.959055037,2.028005633,Malo
0.690546073,-0.241641879,Bueno
1.333327362,-0.736286606,Bueno
0.795584594,0.242096253,Malo
0.9218661,-1.113650757,Bueno
1.242588606,-0.697393855,Bueno
0.764566601,-0.827685833,Malo
-1.381258263,-0.488302139,Regular
0.738979582,-0.605390742,Bueno
-0.48968159,-1.503474514,Regular
-0.939651275,-0.676503236,Regular
0.773093172,-0.488266542,Bueno
1.253548223,1.328488343,Malo
-0.734292332,-0.868961756,Regular
1.250232333,-1.364720769,Bueno
1.796669618,0.939231108,Malo
1.524238627,-2.409302452,Bueno
1.384078916,0.029826373,Malo
0.133035881,0.273674204,Malo
0.207684792,-0.700549435,Bueno
1.72453155,-0.677571884,Bueno
-0.538737613,-1.252796552,Regular
0.13207918,1.48017877,Malo
-1.362303732,-1.689732438,Regular
-1.49931162,-0.896596516,Regular
-1.297477297,-0.270053372,Regular
-2.462538616,-0.331045264,Regular
-0.884071868,-0.221594747,Regular
0.738907869,2.109558237,Malo
0.965812567,-1.237711267,Bueno
-0.094447731,-1.347225108,Bueno
0.539822179,-0.294363834,Bueno
0.075521791,1.037957197,Malo
-1.443637182,-1.22557598,Regular
-1.574294859,-0.391616708,Regular
1.565480872,0.839443152,Malo
1.43484949,-0.151234154,Bueno
-1.478065184,-0.071159919,Regular
1.173472303,1.247722492,Malo
0.435072595,-0.847170678,Bueno
0.672572816,-0.130751507,Malo
0.709473747,-1.196750834,Bueno
-2.010837375,-1.299650057,Regular
-0.989490632,-0.805824541,Regular
0.878571272,-1.845510869,Bueno
-1.048486968,-1.422315422,Regular
1.559109024,1.20397899,Malo
-0.786577891,-1.286371762,Regular
1.494734332,1.31870702,Malo
0.313171207,-1.131863791,Regular
1.684988767,-0.235506983,Bueno
0.15860168,-1.184241092,Bueno
-0.384174659,-0.561044497,Bueno
1.064032296,-1.547128779,Bueno
0.7023386,0.95511701,Malo
0.583259284,0.910219276,Malo
-0.731785506,-0.936568003,Regular
0.213881617,-0.352521611,Bueno
-1.551790414,0.585761433,Regular
1.163266386,-1.278222668,Bueno
0.985946137,1.647516837,Malo
1.001411959,-1.901590218,Bueno
-0.870855719,-1.603819313,Regular
-0.508696376,-0.915702456,Regular
-0.91656151,-1.514602123,Regular
-0.880606303,0.193239151,Regular
-2.078298769,-1.481351903,Regular
2.429886865,1.566687692,Malo
1.648568002,-0.466374455,Bueno
-1.665686532,-1.32851086,Regular
0.589593461,1.995730478,Malo
0.767877492,0.693824356,Malo
1.438995356,0.960706975,Malo
0.585388112,-2.323303213,Bueno
1.495675425,-1.034653935,Bueno
1.058634981,1.349772208,Malo
0.736486287,1.108803058,Malo
1.145270777,0.466767846,Malo
1.692510418,1.10350265,Malo
-0.686400833,-1.090392183,Bueno
-0.876948025,-0.303079718,Regular
0.675184247,-0.945086832,Bueno
1.422466613,0.10259229,Malo
-0.976654776,-0.62406145,Regular
1.243994348,-0.709916964,Bueno
-0.920852947,-2.188339355,Regular
1.613074351,0.668475596,Malo
0.517954201,0.586270133,Malo
1.446280092,-0.644710546,Bueno
1.083895959,0.043314325,Bueno
1.46870036,-1.525409096,Bueno
1.660170603,1.778813183,Malo
-1.096824122,0.076669283,Regular
1.503694403,-1.104357958,Bueno
0.801857264,-1.500884298,Bueno
1.723674773,-0.128273341,Bueno
-0.229926978,-0.641232105,Regular
0.740303639,-0.775018765,Bueno
0.919779064,1.646646284,Malo
1.463951786,0.289671616,Malo
-0.472366035,-0.618745284,Regular
-0.141059346,-0.122671498,Regular
1.017045067,-1.238836889,Bueno
0.153506012,-0.901052362,Bueno
0.83807132,-0.239721436,Bueno
-0.67008588,-0.999460044,Regular
0.557688898,-1.406997903,Bueno
0.556262202,1.925808757,Malo
-1.113069449,-1.705500993,Regular
1.187580378,-1.11607833,Bueno
1.659795758,1.393158238,Malo
1.704437112,-0.681321176,Bueno
-0.664420611,-1.638217355,Regular
1.313965996,0.897072201,Malo
1.082842987,-0.27723972,Bueno
1.525499657,0.930935519,Malo
1.45239488,1.639189295,Malo
-1.036082731,-1.519701279,Regular
-0.597030057,-1.584500461,Regular
-0.657334107,-1.326216418,Regular
0.264027004,1.58046769,Malo
0.711979806,0.097265258,Bueno
0.486218304,-0.244074801,Bueno
-0.82295453,-1.659261074,Regular
0.599366085,-1.006933312,Bueno
1.92672062,-1.248257496,Bueno
1.462403833,0.92173616,Malo
0.52034656,1.144472506,Malo
-1.023560795,-1.569359687,Regular
0.210455554,0.723049237,Malo
1.458698472,0.838976359,Malo
0.889845542,-0.804880771,Bueno
0.426433,0.792410935,Malo
-1.501666828,-0.614673434,Regular
1.313249952,-1.304235974,Bueno
0.200673007,-0.181174814,Malo
-2.631807619,-1.657961048,Regular
-1.426771453,-0.323226025,Regular
-0.829125641,-1.185626556,Regular
0.078151114,-1.122603362,Regular
1.508445013,-1.119231908,Bueno
1.810854139,-1.442894559,Bueno
1.071442649,-1.727951398,Bueno
0.220787967,1.765645208,Malo
-0.741537319,-1.089934955,Regular
0.991085378,1.492843562,Malo
0.25260512,-1.702714201,Bueno
2.120534794,0.413633272,Malo
1.627014025,1.359423716,Malo
1.603661024,-0.985124404,Bueno
0.088015324,-1.129919723,Bueno
0.562573205,1.11793444,Malo
0.948930638,0.66141938,Malo
0.886272599,-0.743183136,Bueno
1.822593404,0.694094055,Malo
-1.582702399,-0.144209884,Regular
1.313957043,0.677449979,Malo
0.191244746,0.543055967,Malo
-0.930600956,-1.328413345,Regular
-1.183571545,-1.263084675,Regular
0.981920016,-1.038837031,Bueno
-0.937103318,-1.59595433,Regular
-1.269260208,-2.046512654,Regular
0.417337258,1.188890323,Malo
1.570053051,0.909185675,Malo
-0.587271165,-0.97008564,Regular
1.346160758,-0.508987762,Bueno
0.529900442,-0.935488581,Bueno
0.273486617,-1.236240227,Bueno
-0.642819815,-0.30150894,Regular
1.001245013,-0.383919653,Bueno
1.492951427,1.003175588,Malo
-0.028349234,-0.756951836,Bueno
1.691398939,1.647771155,Malo
2.29794157,1.80191677,Malo
-1.459796559,-0.231093196,Regular
-1.285105063,-0.236227751,Regular
-0.981672051,-1.022130119,Regular
-1.657402737,-1.655737964,Regular
1.171806213,1.365306301,Malo
1.439491178,0.144233505,Bueno
1.038871444,-0.433083999,Bueno
1.336869946,-1.755757701,Bueno
-1.216667881,-0.634622595,Regular
-0.61718558,-0.795985241,Regular
0.839351321,-0.872094242,Bueno
1.375138871,0.038765407,Malo
-0.984252029,-1.068601096,Regular
-1.634484189,-1.333591019,Regular
1.837637317,-0.294488622,Bueno
1.151682103,0.755191175,Malo
1.95596417,-0.658766561,Bueno
1.060338522,-1.572965655,Bueno
0.826596873,-0.199183685,Malo
-0.794543589,-1.134055667,Regular
-0.563695078,-1.023343184,Regular
0.206360128,-1.268969679,Bueno
0.37284798,1.726687174,Malo
-0.720225974,0.028898965,Regular
2.308959177,-0.736269876,Bueno
0.905616827,-0.834256089,Bueno
1.198346054,1.569547884,Malo
1.760446993,1.29969894,Malo
0.735782672,-0.59191254,Bueno
0.529129163,-1.102073383,Bueno
0.019722389,-0.462299684,Bueno
1.747567754,-1.861984399,Bueno
1.437454337,1.077389746,Malo
-0.946554279,-1.077492089,Regular
-1.978731705,-1.180883389,Regular
-1.509443724,-0.022299974,Regular
1.978958457,1.226655502,Malo
0.962768125,1.755500278,Malo
0.445064156,-0.802286535,Bueno
1.83570246,-1.826211142,Bueno
0.649695494,-1.614220871,Bueno
0.558822569,-1.380393196,Bueno
-1.395965623,-0.8721897,Regular
1.435453207,0.597636028,Bueno
0.988565072,-0.876605996,Bueno
0.441906098,0.892846545,Malo
1.002504999,-1.890094932,Bueno
0.957796228,-0.521323035,Bueno
1.211689964,0.908335346,Malo
1.09693556,1.938042847,Malo
-0.725614212,-0.422594953,Regular
-1.058896727,-1.531968556,Regular
0.163095884,-0.522670269,Bueno
1.634774537,-0.636867185,Bueno
0.965518289,0.765269769,Malo
0.979028787,-2.227835882,Bueno
0.640807638,0.330461808,Malo
0.98000843,0.081517902,Malo
-0.804174946,-0.110122823,Regular
-1.537489456,-0.671003122,Regular
1.407825665,-1.2314989,Bueno
0.825014808,-0.044613685,Malo
-0.031189926,-1.634174061,Bueno
0.145605575,-0.001676125,Regular
-1.963863814,-1.823832122,Regular
-1.514621574,-0.918727202,Regular
-1.603622115,-1.492929895,Regular
2.983944609,-1.906119786,Bueno
0.54777732,1.082613896,Malo
0.802763384,-0.601620955,Bueno
1.613326213,-1.250457674,Bueno
-1.135673482,0.155483442,Regular
1.919667529,1.881615262,Malo
1.623457864,1.287457134,Malo
-1.021958376,-1.050533978,Regular
0.591515737,-0.349151454,Bueno
1.533708132,-0.075440215,Bueno
0.321076455,-1.177738993,Bueno
0.120451403,-1.041753133,Bueno
1.147153512,-0.473496962,Bueno
1.347112899,1.209792674,Malo
0.564641573,0.169981627,Malo
-1.358890272,-1.912023571,Regular
-0.008730929,0.466617185,Malo
1.128088029,0.274855808,Malo
0.38866864,-0.581554178,Bueno
1.34595449,0.875020747,Malo
1.518111795,0.517147756,Malo
-0.972900486,0.1156078,Regular
0.787603653,0.175029224,Malo
1.00733919,1.941555769,Malo
-1.180003995,-0.474694508,Regular
0.199444917,0.191969497,Malo
0.031323416,-1.125159593,Bueno
0.727551782,1.051571184,Malo
-1.72772069,-0.829738267,Regular
1.539838488,-1.947118112,Bueno
0.526798447,1.656783025,Malo
0.034217765,-0.572190262,Regular
0.697520752,-0.232882487,Bueno
0.81381349,-0.937146973,Bueno
0.031946193,-0.721214561,Bueno
-0.109044641,-2.274334011,Regular
-1.7159547,-0.789840448,Regular
1.518472799,-1.9038779,Bueno
-1.095963873,-1.499174496,Regular
1.301396944,0.4826398,Malo
-0.698920148,-1.033659684,Regular
0.316118527,1.470974513,Malo
2.010020369,-0.255564257,Bueno
0.31361158,-1.431744314,Bueno
1.254941603,-2.128890279,Bueno
1.203312497,-0.533197874,Bueno
0.056759676,-0.547542602,Regular
1.579783467,-0.873861137,Bueno
1.648633566,-0.056601809,Bueno
-1.167388963,-0.68209973,Regular
-0.444065019,-0.665150872,Regular
1.012637213,1.059672674,Malo
0.760330582,1.222033533,Malo
0.014220824,0.756356922,Malo
1.296667266,-0.5431653,Bueno
0.467328551,-0.188477881,Malo
1.36307205,1.537333591,Malo
-0.695998584,-1.373335283,Regular
1.51762446,-1.388522815,Bueno
1.097417822,-1.00617479,Bueno
-0.101370984,-0.660839678,Regular
1.031367371,-1.215846746,Bueno
1.576028645,0.750100551,Malo
-0.347472211,-0.55641728,Regular
1.384802887,-0.499689267,Bueno
0.70118053,2.157719232,Malo
0.781183873,1.094022313,Malo
1.970832561,0.505354527,Malo
1.169607069,-1.655524489,Bueno
0.718681487,-0.320864771,Malo
-0.471321342,-0.380206483,Regular
0.678237914,-0.274097667,Bueno
1.353927892,0.781684714,Malo
0.582204008,0.82576174,Malo
-1.026426938,0.175737203,Regular
1.966275387,-0.661473616,Bueno
0.855197325,0.473085794,Malo
-1.521317528,-0.606165549,Regular
-0.045413719,0.218054348,Malo
0.031661291,0.872355832,Malo
0.608554851,0.765427975,Malo
0.729830899,-1.851540448,Bueno
0.969935525,-0.741019688,Bueno
-0.600419712,-2.520732677,Regular
-1.624359538,-1.189361874,Regular
0.132147362,0.728589835,Malo
-0.478596194,-0.889491241,Regular
-1.900197026,-1.491102484,Regular
-0.43792287,-0.537801472,Regular
0.373110208,-0.526057035,Bueno
-1.038196893,-1.947958318,Regular
0.608342504,-1.120485108,Regular
0.176736194,-1.043343255,Regular
0.137709337,-1.479871683,Regular
0.524628003,0.681036455,Malo
-0.207128192,1.353822163,Malo
0.433378906,1.142861889,Malo
-0.637517956,-1.977750162,Regular
1.390050709,0.092563564,Bueno
0.745202019,0.502021241,Malo
-0.553867891,-0.87378438,Regular
1.178443396,-0.782149201,Bueno
0.730577715,-0.705417367,Bueno
0.937393905,0.407198835,Malo
1.114870523,1.52830672,Malo
-1.293896931,-0.604718715,Regular
2.115133713,-1.605604592,Bueno
1.183763493,-0.40051009,Bueno
0.050236962,1.366227627,Malo
1.437268913,-0.468699334,Bueno
0.769072114,1.056610954,Malo
-0.546970192,-1.837921143,Regular
0.868453509,-1.267878875,Bueno
0.763930527,-0.998369476,Bueno
1.26631794,1.200204596,Malo
-1.026759636,-0.843920257,Regular
1.062944299,1.080347754,Malo
1.105040475,-2.271070381,Bueno
-0.468224083,-1.033155397,Regular
-1.112853843,-1.621448636,Regular
0.757457745,-0.866285006,Regular
1.534909192,-0.529266799,Bueno
1.325987135,1.263425775,Malo
-0.123871797,-0.057421175,Bueno
-1.797935117,-1.213296865,Regular
0.646462608,0.730920996,Malo
1.312638926,0.654527218,Malo
-0.756005748,-0.278981287,Regular
-0.817806116,-0.379625808,Regular
1.293214355,-1.064777166,Bueno
-1.298926971,-1.258848605,Regular
0.649672711,-1.798540769,Bueno
0.272490553,-1.04835911,Bueno
-0.765781034,-0.046881585,Regular
-0.194426794,-1.443961512,Regular
1.946252927,-1.487681261,Bueno
0.726680498,1.010487495,Malo
-0.439492151,-1.834903162,Regular
1.615898443,-2.063338672,Bueno
-1.580849271,-0.713759145,Regular
0.960330864,-1.25349923,Bueno
0.011475382,-1.988827724,Regular
1.745496348,-1.728530369,Bueno
1.544322921,-1.507264805,Bueno
-1.367575443,-1.493696995,Regular
1.134551333,-0.007213018,Malo
0.372685266,0.349086364,Malo
1.061401508,-1.13445542,Bueno
1.089683055,-0.5268224,Bueno
-0.610102219,-0.739126717,Regular
-1.822343151,-0.813661174,Regular
-1.066354302,-1.259459187,Regular
-0.38792116,-1.189684945,Bueno
0.203197224,-0.861119944,Bueno
-1.971810739,-0.65642379,Regular
0.335411859,-0.859013684,Bueno
1.40234227,0.575496581,Malo
0.599367828,1.196177557,Malo
-1.017117322,-1.194838159,Regular
0.02038314,-0.559765907,Bueno
-1.524797513,-1.410640934,Regular
1.059522918,1.945779384,Malo
0.873999677,-0.368707914,Bueno
-1.819097726,0.168259186,Regular
-0.827645613,-1.001725662,Regular
0.675371931,-1.054862639,Bueno
1.235424597,-1.392691903,Bueno
-0.726308179,-1.214547419,Regular
-0.841156745,-1.99710902,Regular
1.364267003,0.371097756,Malo
0.559709964,-1.319462595,Bueno
-0.493002638,-1.405356297,Regular
-2.388263868,-1.505543021,Regular
-0.609974816,-1.218501885,Regular
1.945184127,-0.490530873,Bueno
-0.900481886,-0.20251523,Regular
1.847851322,-0.095811785,Bueno
-1.153739619,-0.485402854,Regular
-0.961662285,-1.964392096,Regular
-0.375948253,-0.901213714,Regular
1.361624594,0.643210138,Malo
0.366424385,-0.651440447,Bueno
0.611691141,1.28334829,Malo
-1.680155695,-0.401944214,Regular
0.805039025,0.573216184,Malo
-1.375016434,-1.234235616,Regular
-0.828392484,-0.412859622,Regular
-1.777816233,-1.055814487,Regular
-0.702030881,-0.392720086,Regular
0.866436591,0.452152469,Malo
-1.594402558,-1.601601152,Regular
1.162702111,0.519101869,Malo
1.122591154,-2.152423359,Bueno
-1.823825531,-1.640645207,Regular
0.721842415,1.288888884,Malo
1.115718373,0.305789632,Malo
2.180637809,-0.731390071,Bueno
0.20631298,-0.986073037,Bueno
-0.811584585,-0.776274395,Regular
0.931134805,1.185250745,Malo
-0.024010263,-1.126862975,Regular
1.190296376,1.312024369,Malo
1.190397372,-0.632391529,Bueno
1.684275804,-1.7118292,Bueno
-1.31357165,-0.374213443,Regular
0.898145024,0.91952033,Malo
1.669585917,-1.552322898,Bueno
0.237709001,1.581638025,Malo
0.511842402,0.687015094,Malo
0.574690108,-0.12908319,Bueno
1.279699856,0.777854536,Malo
-1.311207212,-1.170038665,Regular
-1.124971062,-0.055377258,Regular
-1.3911139,-2.064846889,Regular
-0.028433956,-0.904459479,Bueno
1.585083046,-1.797601942,Bueno
0.550185793,1.019685249,Malo
1.237604028,0.344163095,Malo
-1.222098499,-1.575553236,Regular
0.454742052,0.745409427,Malo
0.448888554,0.095531451,Bueno
-1.074189776,-0.697018011,Regular
-0.866256508,-2.294413824,Regular
-0.759468593,-1.005794342,Regular
-0.015443442,-1.567732372,Bueno
-0.0081101,-1.419590765,Regular
0.89542472,-1.693475487,Bueno
-0.39920139,-0.641672497,Regular
-0.940799528,-0.881691367,Regular
0.938537779,-1.371882865,Bueno
-1.143577955,-1.148076135,Regular
1.272269148,-0.097844247,Malo
0.395900949,2.00894603,Malo
0.587297433,0.271553558,Malo
-0.065793975,-0.469583682,Regular
-2.211724051,-1.590525401,Regular
0.028430882,-1.460769155,Regular
-0.821491388,-0.973586634,Regular
0.660136088,0.815385234,Malo
-1.313017915,-0.533435631,Regular
1.110252097,-1.459785791,Bueno
1.15059887,1.632854755,Malo
1.277878198,1.167457459,Malo
-0.367493255,-0.429499782,Regular
0.945239788,-1.240942405,Bueno
-1.192755362,-1.293139732,Regular
2.153765216,1.888308875,Malo
-1.041913899,-0.849931656,Regular
0.340017515,-1.242611332,Bueno
-0.703813547,-0.707790804,Regular
-0.813325332,-1.647016654,Regular
-2.083561758,-1.011593675,Regular
0.425711516,0.190945409,Malo
2.407988218,0.232503336,Malo
1.651478335,-1.828660052,Bueno
1.040495354,1.00980285,Malo
-1.825110688,-0.699404661,Regular
0.392448445,-0.853008876,Bueno
-0.243658693,-1.060236102,Regular
0.769169289,-0.663398267,Bueno
1.333028765,-0.606445353,Bueno
1.090418886,-0.582689013,Bueno
0.337369996,1.031299048,Malo
1.16925124,-1.202872326,Bueno
0.778490897,0.856372493,Malo
2.096037082,-1.873698669,Bueno
1.019853851,0.487503244,Malo
0.756434964,1.434621103,Malo
-0.459506341,-1.903546811,Regular
2.515820944,2.061952833,Malo
1.64110564,0.727968518,Malo
2.206754009,0.973242744,Malo
0.845878182,-0.823917161,Bueno
0.184459969,-0.713314862,Regular
-0.063232241,-1.564162142,Regular
-0.232112788,-1.531579889,Regular
0.483842529,1.196980777,Malo
-0.449667075,-1.034225721,Regular
-0.537497824,-0.854099071,Regular
0.77491173,0.264282285,Malo
1.795876985,0.421236145,Malo
-0.293302297,-2.383100113,Regular
0.89365203,-1.227732472,Bueno
1.870571088,-1.339468797,Bueno
-0.948050092,-0.148446972,Regular
-0.648489517,-0.318167153,Regular
0.895921662,0.693982276,Malo
1.008390721,-1.347365411,Bueno
-1.206517874,-1.151626403,Regular
1.175272971,-1.355144868,Bueno
0.55649848,-1.035235716,Bueno
1.169004734,-1.915466507,Bueno
2.143038184,0.991133668,Malo
-0.667523453,-1.402075539,Regular
-0.753638925,-0.71141809,Regular
-1.413429058,-1.328852312,Regular
-1.610967595,-1.392742081,Regular
1.298831443,0.984284658,Malo
1.164374546,-1.795827096,Bueno
0.474907151,-1.35611219,Bueno
0.141570919,-1.465398465,Regular
-1.656337034,-0.876521918,Regular
-0.757662387,0.162027477,Regular
1.516583962,-2.014598657,Bueno
-1.203209311,0.220857526,Regular
-1.02144564,-0.798390554,Regular
0.47859316,-0.883700958,Regular
0.17754401,1.519391754,Malo
0.940928485,0.601913028,Malo
-1.928952594,-0.680815217,Regular
1.504978758,0.850324852,Malo
-0.518768957,-2.107919189,Regular
0.122960387,0.58993614,Malo
2.902584864,1.113699783,Malo
1.403376854,1.244477102,Malo
-0.986885585,-0.974476556,Regular
0.800344741,-1.122404723,Bueno
0.311518809,0.737307973,Malo
1.21868875,1.882793174,Malo
0.60862384,0.687286413,Malo
1.341906591,-0.555069369,Bueno
-1.561076326,-0.770905594,Regular
-0.677002238,-1.085467251,Regular
1.401635483,-0.556835783,Bueno
1.0283827,-0.856225652,Bueno
0.938981635,1.011567631,Malo
1.141278715,-0.932615387,Bueno
0.337230041,0.981438246,Malo
0.306290541,1.468718861,Malo
-1.306555709,-0.535163009,Regular
0.400909213,-1.411731708,Bueno
-1.516729332,-1.30575708,Regular
-0.459967454,0.081345338,Regular
2.205531137,-1.293888839,Bueno
1.161414444,1.314950718,Malo
0.959232928,0.416137151,Bueno
0.027835539,-0.336285116,Bueno
-1.293835013,-1.167578002,Regular
-0.835211678,-1.362172262,Regular
0.782996526,0.292231705,Bueno
1.299214165,1.628783294,Malo
0.767107485,0.964043198,Malo
-1.60706445,-0.949019118,Regular
-1.280464606,-1.516092031,Regular
1.304343371,0.93026218,Malo
0.433332246,0.753970184,Malo
1.219509273,1.77869516,Malo
-0.856547752,-1.364732468,Regular
-1.268748903,-1.119229037,Regular
1.782528335,-0.937113035,Bueno
-1.613147995,-1.690262662,Regular
-0.218410681,2.238695717,Malo
0.377782394,-1.667743537,Bueno
-1.247363053,-1.24207551,Regular
-1.751556005,-1.351792015,Regular
1.065188922,-0.973522541,Bueno
-1.027067982,-0.952526966,Regular
0.888967797,0.515410907,Malo
-0.436848918,-1.61155069,Regular
-0.066014611,-1.560869816,Bueno
-0.74931965,-1.744129802,Regular
0.901960648,-1.093782081,Bueno
0.488448492,1.013775853,Malo
-1.444520023,-1.36497469,Regular
1.136831995,1.120887968,Malo
-0.559843079,0.207118558,Regular
0.596523731,0.784268103,Malo
0.180058383,-1.117740379,Regular
-0.199560555,-1.107022663,Bueno
0.55536668,-0.96399456,Bueno
-0.820771804,-0.453612597,Regular
-0.094553994,1.182162343,Malo
-1.539931886,-0.710751635,Regular
0.509504141,0.159191624,Malo
0.79125271,1.093809381,Malo
1.106455685,0.758931438,Malo
-0.988823578,-0.367405015,Regular
1.051151545,-0.940346808,Bueno
-2.010710353,-0.516061739,Regular
1.40634755,-1.019146645,Bueno
-0.723118674,-1.027888694,Regular
-0.851940386,-0.084425463,Regular
1.735998384,-0.600187275,Bueno
-1.240209289,-1.883393757,Regular
-1.39165687,-1.875364438,Regular
0.111252423,0.236465119,Malo
1.795424776,-1.205189367,Bueno
0.976430309,0.299143901,Malo
0.986398636,-1.91463709,Bueno
0.865444639,0.818650162,Malo
1.006209589,1.432020256,Malo
-1.975793163,-1.080893471,Regular
0.538050355,1.323549515,Malo
-1.583441734,-0.192267356,Regular
0.452306665,1.670209773,Malo
-0.872447772,-0.071781102,Regular
0.74246566,-2.357346181,Bueno
1.238798994,-0.85733222,Bueno
-1.92537289,-0.482711166,Regular
0.920854816,1.242857087,Malo
0.395467075,-0.659878377,Bueno
-1.599309278,-1.444082074,Regular
1.734922339,1.038913664,Malo
-1.58987091,-1.538993183,Regular
1.896690727,-0.241991015,Malo
-0.039839309,-1.113300868,Regular
0.854788102,1.910956702,Malo
-0.143490725,-1.340851432,Bueno
-1.613713024,-1.690415203,Regular
-1.132944639,-0.745448429,Regular
-0.534986042,-0.740297427,Regular
-2.078473483,-1.638059763,Regular
1.741229435,-1.146282278,Bueno
1.407966404,-2.297858589,Bueno
-1.288145225,-1.313950566,Regular
-1.780208099,-1.482310242,Regular
0.588941812,-1.425712606,Bueno
-1.661338115,-1.014729654,Regular
0.921935827,1.056371938,Malo
1.670383189,0.688659877,Malo
0.926624585,-1.256625552,Bueno
0.541513646,0.137325116,Malo
1.362809218,0.000986636,Bueno
0.759259174,0.519950514,Malo
1.801189766,-1.247964883,Bueno
0.933706357,0.003580113,Malo
-1.032932911,-0.686465439,Regular
-0.218091423,-0.92287821,Regular
1.487604425,1.352355628,Malo
1.387730665,-1.078942547,Bueno
0.849446562,-2.065723014,Bueno
-0.363571,-1.516077326,Regular
1.005176739,1.316202525,Malo
-1.284016555,-1.122142403,Regular
0.080277657,-1.717062264,Regular
1.178039903,1.497991695,Malo
0.658412768,1.161942613,Malo
0.945380399,-2.097385981,Bueno
0.512112231,-0.035769561,Malo
1.324464151,-0.090846578,Malo
1.608842617,-0.135817815,Bueno
-1.281586442,-0.474582593,Regular
1.464496366,0.535324619,Malo
1.818719109,0.586330489,Malo
1.450615183,-1.539467763,Bueno
0.963017169,0.140358706,Malo
-0.353777516,-1.134895937,Regular
-1.461309496,-1.701457448,Regular
0.878261896,0.934070332,Malo
0.989787752,1.227491041,Malo
-1.889730015,-1.785647288,Regular
-0.669526832,-0.642746106,Regular
0.680378325,1.654449841,Malo
1.124400428,-0.544505995,Bueno
1.340374167,0.86639494,Malo
1.13030778,1.046926709,Malo
-1.821915701,-0.532323681,Regular
0.130919882,-1.943677872,Bueno
1.415070717,-0.661367075,Bueno
1.202989324,-0.131924756,Bueno
1.40930169,-0.060630484,Bueno
0.16479045,-0.644676591,Bueno
1.164709815,0.46545095,Malo
-0.638701906,-0.476036171,Regular
0.901243161,-0.751231889,Bueno
1.124362448,1.184639545,Malo
-1.092443439,-0.283832992,Regular
1.252550971,1.147961312,Malo
0.044377668,-1.176091033,Regular
-1.756895048,-0.691597492,Regular
0.618492353,1.405859977,Malo
-0.777296468,-1.59389353,Regular
1.130360011,-1.987356234,Bueno
-0.898073224,-0.945504444,Regular
1.893613577,1.312782249,Malo
1.00615469,0.080869525,Bueno
1.562045478,1.847396624,Malo
1.537156164,1.82497844,Malo
0.619406744,0.7823553,Malo
-1.198606362,-0.729826702,Regular
0.399870792,0.073137342,Malo
2.043323606,1.596636635,Malo
1.083247151,-1.764591621,Bueno
0.577179834,1.565956435,Malo
0.387064088,-1.28201459,Bueno
-0.640378376,-1.153790136,Regular
1.561839126,0.684615644,Malo
1.840806899,0.753770924,Malo
1.911996916,2.031753584,Malo
1.125884159,-1.394594802,Bueno
0.875833174,0.593142724,Malo
0.756936226,0.047170744,Bueno
-1.304221979,-2.206469361,Regular
0.516624095,0.329012845,Malo
-1.085468721,-1.785258109,Regular
1.61826296,-0.228394168,Malo
1.252084973,-0.665507922,Bueno
1.684293055,-0.896305195,Bueno
1.282259887,1.186868243,Malo
0.594143297,-0.703538184,Bueno
1.416506032,-1.128524131,Bueno
-0.822532547,-0.494446722,Regular
0.399801791,2.004391424,Malo
-0.427486251,-0.673513149,Regular
-0.16567962,-1.984809165,Regular
1.143487348,1.838737757,Malo
1.190439916,-0.09665983,Bueno
-0.06112307,1.213289076,Malo
0.554063476,-1.23713324,Bueno
0.71798027,0.869961118,Malo
1.41962829,0.363266628,Malo
-0.619367996,-0.022434538,Regular
1.561867435,0.978942894,Malo
-0.501189365,-0.70721639,Regular
0.316595084,0.27135917,Malo
0.605244344,1.581329583,Malo
0.687052193,0.289188046,Malo
1.359992046,-1.461029992,Bueno
-0.473963936,-2.096146827,Regular
1.552845039,1.276488686,Malo
-0.158293156,-0.798493167,Regular
-0.266273532,-2.251906017,Regular
-2.358196181,-0.774988048,Regular
0.74951359,0.341502007,Malo
-0.990105108,-1.733065801,Regular
-0.504776661,-1.178993901,Regular
0.60486822,0.69145962,Malo
1.557703067,1.349334755,Malo
-0.364583647,-1.613538635,Regular
